"N_Policy","Company","Category","Char","Started","Expired","District","Gross","Net","Commissions","id"
"21171","HELVETIA Global Solutions Ltd","ΘΡΑΥΣΗ ΚΡΥΣΤΑΛΛΩΝ","ΥΗΤ1364","25/12/2023","25/12/2024","ΑΤΤΙΚΗΣ",20,13.59,1.77,6
"966013","EUROP ASSISTANCE","ΟΔΙΚΗ ΒΟΗΘΕΙΑ","ΥΗΤ1364","25/12/2023","25/12/2024","ΑΤΤΙΚΗΣ",24,16.7,4.01,6
"682836","ARAG","ΝΟΜΙΚΗ ΠΡΟΣΤΑΣΙΑ","ΥΗΤ1364","25/12/2023","25/12/2024","ΑΤΤΙΚΗΣ",4,2.9,0.32,6
"HGR2023946639906467-1","Hellas Direct","ΑΥΤΟΚΙΝΗΤΟ","ΥΗΤ1364","25/12/2023","25/12/2024","ΑΤΤΙΚΗΣ",118.25,101.62,11.69,6
"33757785","ANYTIME","ΑΥΤΟΚΙΝΗΤΟ","ΙΤΑ9251","14/11/2023","14/05/2024","ΑΙΤΩΛΟΑΚΑΡΝΑΝΙΑΣ",119.24,81.74,8.17,15
"33757785","ANYTIME","ΑΥΤΟΚΙΝΗΤΟ","ΙΤΑ9251","14/05/2024","14/11/2024","ΑΙΤΩΛΟΑΚΑΡΝΑΝΙΑΣ",118.61,81.31,8.13,15
"70185814","ΙΝΤΕΡΑΜΕΡΙΚΑΝ","ΟΔΙΚΗ ΒΟΗΘΕΙΑ","ΙΤΑ9251","14/05/2024","14/11/2024","ΑΙΤΩΛΟΑΚΑΡΝΑΝΙΑΣ",13.63,9.83,2.36,15
"963749","EUROP ASSISTANCE","ΟΔΙΚΗ ΒΟΗΘΕΙΑ","ΙΤΑ9251","14/11/2023","14/05/2024","ΑΙΤΩΛΟΑΚΑΡΝΑΝΙΑΣ",12,8.34,2,15
"794878","ARAG","ΝΟΜΙΚΗ ΠΡΟΣΤΑΣΙΑ","ΑΙΡ9596","14/04/2024","14/10/2024","ΑΙΤΩΛΟΑΚΑΡΝΑΝΙΑΣ",2,1.45,0.16,15
"668688","ARAG","ΝΟΜΙΚΗ ΠΡΟΣΤΑΣΙΑ","ΙΤΑ9251","14/11/2023","14/05/2024","ΑΙΤΩΛΟΑΚΑΡΝΑΝΙΑΣ",2,1.45,0.16,15
"499235","HELVETIA Global Solutions Ltd","ΘΡΑΥΣΗ ΚΡΥΣΤΑΛΛΩΝ","ΑΙΡ9596","14/04/2024","14/10/2024","ΑΙΤΩΛΟΑΚΑΡΝΑΝΙΑΣ",10,6.8,0.88,15
"783737","ARAG","ΝΟΜΙΚΗ ΠΡΟΣΤΑΣΙΑ","ΙΤΑ9251","14/05/2024","14/11/2024","ΑΙΤΩΛΟΑΚΑΡΝΑΝΙΑΣ",2.5,1.81,0.4,15
"HGR2024396503827036-1","Hellas Direct","ΑΥΤΟΚΙΝΗΤΟ","ΑΙΡ9596","14/04/2024","14/10/2024","ΑΙΤΩΛΟΑΚΑΡΝΑΝΙΑΣ",66.87,57.66,6.63,15
"HGR2024421416257554-1","Hellas Direct","ΑΥΤΟΚΙΝΗΤΟ","ΑΙΝ9990","30/01/2024","30/07/2024","ΑΙΤΩΛΟΑΚΑΡΝΑΝΙΑΣ",53.35,45.99,5.29,11
"730637","ARAG","ΝΟΜΙΚΗ ΠΡΟΣΤΑΣΙΑ","ΑΙΝ9990","30/01/2024","30/07/2024","ΑΙΤΩΛΟΑΚΑΡΝΑΝΙΑΣ",2,1.45,0.16,11
"212413457","ΙΝΤΕΡΑΜΕΡΙΚΑΝ","ΟΔΙΚΗ ΒΟΗΘΕΙΑ","ΑΙΝ9990","30/01/2024","30/07/2024","ΑΙΤΩΛΟΑΚΑΡΝΑΝΙΑΣ",13.63,9.83,1.38,11
"59392","HELVETIA Global Solutions Ltd","ΘΡΑΥΣΗ ΚΡΥΣΤΑΛΛΩΝ","ΑΙΝ9990","30/01/2024","30/07/2024","ΑΙΤΩΛΟΑΚΑΡΝΑΝΙΑΣ",10,6.8,0.88,11
"34079733","ANYTIME","ΑΥΤΟΚΙΝΗΤΟ","ΑΙΝ9990","31/07/2024","31/07/2025","ΑΙΤΩΛΟΑΚΑΡΝΑΝΙΑΣ",266.43,182.9,18.29,11
"70259703","ΙΝΤΕΡΑΜΕΡΙΚΑΝ","ΟΔΙΚΗ ΒΟΗΘΕΙΑ","ΑΙΝ9990","31/07/2024","31/07/2025","ΑΙΤΩΛΟΑΚΑΡΝΑΝΙΑΣ",30.01,21.78,5.23,11
"884006","ARAG","ΝΟΜΙΚΗ ΠΡΟΣΤΑΣΙΑ","ΑΙΝ9990","31/07/2024","31/07/2025","ΑΙΤΩΛΟΑΚΑΡΝΑΝΙΑΣ",5.5,3.98,0.88,11
"528557","HELVETIA Global Solutions Ltd","ΘΡΑΥΣΗ ΚΡΥΣΤΑΛΛΩΝ","ΑΙΡ2685","27/05/2024","27/08/2024","ΑΙΤΩΛΟΑΚΑΡΝΑΝΙΑΣ",5,3.4,0.44,31
"833238","ARAG","ΝΟΜΙΚΗ ΠΡΟΣΤΑΣΙΑ","ΑΙΡ2685","27/05/2024","27/08/2024","ΑΙΤΩΛΟΑΚΑΡΝΑΝΙΑΣ",1.38,1,0.22,31
"HGR2024631622496052-1","Hellas Direct","ΑΥΤΟΚΙΝΗΤΟ","ΑΙΡ2685","27/05/2024","27/08/2024","ΑΙΤΩΛΟΑΚΑΡΝΑΝΙΑΣ",38.72,33.4,3.84,31
"758242","ARAG","ΝΟΜΙΚΗ ΠΡΟΣΤΑΣΙΑ","ΥΖΥ2340","15/03/2024","15/03/2025","ΑΙΤΩΛΟΑΚΑΡΝΑΝΙΑΣ",4,2.9,0.32,27
"HGR2024740070824450-1","Hellas Direct","ΑΥΤΟΚΙΝΗΤΟ","ΥΖΥ2340","15/03/2024","15/03/2025","ΑΙΤΩΛΟΑΚΑΡΝΑΝΙΑΣ",77,66.29,7.62,27
"473379","HELVETIA Global Solutions Ltd","ΘΡΑΥΣΗ ΚΡΥΣΤΑΛΛΩΝ","ΥΖΥ2340","15/03/2024","15/03/2025","ΑΙΤΩΛΟΑΚΑΡΝΑΝΙΑΣ",20,13.59,1.77,27
"70120028","ΙΝΤΕΡΑΜΕΡΙΚΑΝ","ΟΔΙΚΗ ΒΟΗΘΕΙΑ","ΥΖΥ2340","15/03/2024","15/03/2025","ΑΙΤΩΛΟΑΚΑΡΝΑΝΙΑΣ",27,19.58,4.7,27
"728816","ARAG","ΝΟΜΙΚΗ ΠΡΟΣΤΑΣΙΑ","ΖΗΝ9703","27/01/2024","27/07/2024","ΑΤΤΙΚΗΣ",2,1.45,0.16,8
"61517941","myZen by Groupama","ΑΥΤΟΚΙΝΗΤΟ","ΖΗΝ9703","27/01/2024","27/07/2024","ΑΤΤΙΚΗΣ",96.93,69.34,3.49,8
"212398060","ΙΝΤΕΡΑΜΕΡΙΚΑΝ","ΟΔΙΚΗ ΒΟΗΘΕΙΑ","ΖΗΝ9703","27/01/2024","27/07/2024","ΑΤΤΙΚΗΣ",13.63,9.83,1.38,8
"70256649","ΙΝΤΕΡΑΜΕΡΙΚΑΝ","ΟΔΙΚΗ ΒΟΗΘΕΙΑ","ΖΗΝ9703","27/07/2024","25/01/2025","ΑΤΤΙΚΗΣ",14.85,10.75,2.58,8
"61517941","myZen by Groupama","ΑΥΤΟΚΙΝΗΤΟ","ΖΗΝ9703","27/07/2024","25/01/2025","ΑΤΤΙΚΗΣ",96.93,69.34,3.49,8
"860057","ARAG","ΝΟΜΙΚΗ ΠΡΟΣΤΑΣΙΑ","ΖΗΝ9703","27/07/2024","25/01/2025","ΑΤΤΙΚΗΣ",2.47,1.79,0.39,8
"33749384","ANYTIME","ΑΥΤΟΚΙΝΗΤΟ","ΑΙΧ2379","26/10/2023","26/10/2024","ΑΙΤΩΛΟΑΚΑΡΝΑΝΙΑΣ",218.13,149.61,14.96,14
"HGR2024966616097062-1","Hellas Direct","ΑΥΤΟΚΙΝΗΤΟ","ΑΙΒ9114","21/06/2024","21/09/2024","ΑΙΤΩΛΟΑΚΑΡΝΑΝΙΑΣ",31.04,26.75,3.08,25
"70223720","ΙΝΤΕΡΑΜΕΡΙΚΑΝ","ΟΔΙΚΗ ΒΟΗΘΕΙΑ","ΑΙΒ9114","21/06/2024","21/09/2024","ΑΙΤΩΛΟΑΚΑΡΝΑΝΙΑΣ",6.75,4.88,1.17,25
"881245","ARAG","ΝΟΜΙΚΗ ΠΡΟΣΤΑΣΙΑ","ΑΙΒ9114","18/07/2024","18/10/2024","ΑΙΤΩΛΟΑΚΑΡΝΑΝΙΑΣ",1.38,1,0.22,25
"70252195","ΙΝΤΕΡΑΜΕΡΙΚΑΝ","ΟΔΙΚΗ ΒΟΗΘΕΙΑ","ΑΙΒ9114","18/07/2024","18/10/2024","ΑΙΤΩΛΟΑΚΑΡΝΑΝΙΑΣ",7.62,5.48,1.32,25
"857689","ARAG","ΝΟΜΙΚΗ ΠΡΟΣΤΑΣΙΑ","ΑΙΒ9114","21/06/2024","21/09/2024","ΑΙΤΩΛΟΑΚΑΡΝΑΝΙΑΣ",1.38,1,0.22,25
"547020","HELVETIA Global Solutions Ltd","ΘΡΑΥΣΗ ΚΡΥΣΤΑΛΛΩΝ","ΑΙΒ9114","21/06/2024","21/09/2024","ΑΙΤΩΛΟΑΚΑΡΝΑΝΙΑΣ",5,3.4,0.44,25
"34069429","ANYTIME","ΑΥΤΟΚΙΝΗΤΟ","ΑΙΒ9114","18/07/2024","18/10/2024","ΑΙΤΩΛΟΑΚΑΡΝΑΝΙΑΣ",50.87,34.77,3.48,25
"682834","ARAG","ΝΟΜΙΚΗ ΠΡΟΣΤΑΣΙΑ","ΥΗΜ9916","25/12/2023","25/12/2024","ΑΤΤΙΚΗΣ",4,2.9,0.32,5
"21170","HELVETIA Global Solutions Ltd","ΘΡΑΥΣΗ ΚΡΥΣΤΑΛΛΩΝ","ΥΗΜ9916","25/12/2023","25/12/2024","ΑΤΤΙΚΗΣ",20,13.59,1.77,5
"966012","EUROP ASSISTANCE","ΟΔΙΚΗ ΒΟΗΘΕΙΑ","ΥΗΜ9916","25/12/2023","25/12/2024","ΑΤΤΙΚΗΣ",24,16.7,4.01,5
"HGR2023120088738603-1","Hellas Direct","ΑΥΤΟΚΙΝΗΤΟ","ΥΗΜ9916","25/12/2023","25/12/2024","ΑΤΤΙΚΗΣ",121.68,104.74,12.05,5
"517678","HELVETIA Global Solutions Ltd","ΘΡΑΥΣΗ ΚΡΥΣΤΑΛΛΩΝ","ΑΙΕ7726","14/05/2024","14/11/2024","ΑΙΤΩΛΟΑΚΑΡΝΑΝΙΑΣ",10,6.8,0.88,30
"819592","ARAG","ΝΟΜΙΚΗ ΠΡΟΣΤΑΣΙΑ","ΑΙΕ7726","14/05/2024","14/11/2024","ΑΙΤΩΛΟΑΚΑΡΝΑΝΙΑΣ",2,1.45,0.16,30
"70184259","ΙΝΤΕΡΑΜΕΡΙΚΑΝ","ΟΔΙΚΗ ΒΟΗΘΕΙΑ","ΑΙΕ7726","14/05/2024","14/11/2024","ΑΙΤΩΛΟΑΚΑΡΝΑΝΙΑΣ",13.63,9.83,2.36,30
"HGR2024160672247455-1","Hellas Direct","ΑΥΤΟΚΙΝΗΤΟ","ΑΙΕ7726","14/05/2024","14/11/2024","ΑΙΤΩΛΟΑΚΑΡΝΑΝΙΑΣ",48.5,41.78,4.8,30
"HGR2023012297049352-1","Hellas Direct","ΑΥΤΟΚΙΝΗΤΟ","ΖΖΤ7959","16/12/2023","16/12/2024","ΑΤΤΙΚΗΣ",105.52,90.85,10.45,4
"966011","EUROP ASSISTANCE","ΟΔΙΚΗ ΒΟΗΘΕΙΑ","ΖΖΤ7959","16/12/2023","16/12/2024","ΑΤΤΙΚΗΣ",24,16.7,4.01,4
"682832","ARAG","ΝΟΜΙΚΗ ΠΡΟΣΤΑΣΙΑ","ΖΖΤ7959","16/12/2023","16/12/2024","ΑΤΤΙΚΗΣ",4,2.9,0.32,4
"21168","HELVETIA Global Solutions Ltd","ΘΡΑΥΣΗ ΚΡΥΣΤΑΛΛΩΝ","ΖΖΤ7959","16/12/2023","16/12/2024","ΑΤΤΙΚΗΣ",20,13.59,1.77,4
"881293","ARAG","ΝΟΜΙΚΗ ΠΡΟΣΤΑΣΙΑ","ΤΗΑ0483","21/07/2024","21/07/2025","ΑΙΤΩΛΟΑΚΑΡΝΑΝΙΑΣ",5.5,3.98,0.88,33
"HGR2024972538181650-1","Hellas Direct","ΑΥΤΟΚΙΝΗΤΟ","ΤΗΑ0483","21/07/2024","21/07/2025","ΑΙΤΩΛΟΑΚΑΡΝΑΝΙΑΣ",37.69,32.46,3.73,33
"HGR2024457111867191-1","Hellas Direct","ΑΥΤΟΚΙΝΗΤΟ","ΑΙΙ725","23/05/2024","23/11/2024","ΑΙΤΩΛΟΑΚΑΡΝΑΝΙΑΣ",26.35,22.69,2.61,34
"728911","ARAG","ΝΟΜΙΚΗ ΠΡΟΣΤΑΣΙΑ","ΙΒΙ9324","29/01/2024","29/07/2024","ΑΤΤΙΚΗΣ",2,1.45,0.16,9
"70258776","ΙΝΤΕΡΑΜΕΡΙΚΑΝ","ΟΔΙΚΗ ΒΟΗΘΕΙΑ","ΙΒΙ9324","29/07/2024","27/01/2025","ΑΤΤΙΚΗΣ",14.85,10.75,2.58,9
"61518483","myZen by Groupama","ΑΥΤΟΚΙΝΗΤΟ","ΙΒΙ9324","29/07/2024","27/01/2025","ΑΤΤΙΚΗΣ",107.98,77.22,3.89,9
"212398486","ΙΝΤΕΡΑΜΕΡΙΚΑΝ","ΟΔΙΚΗ ΒΟΗΘΕΙΑ","ΙΒΙ9324","29/01/2024","29/07/2024","ΑΤΤΙΚΗΣ",13.63,9.83,1.38,9
"861638","ARAG","ΝΟΜΙΚΗ ΠΡΟΣΤΑΣΙΑ","ΙΒΙ9324","29/07/2024","27/01/2025","ΑΤΤΙΚΗΣ",2.47,1.79,0.39,9
"61518483","myZen by Groupama","ΑΥΤΟΚΙΝΗΤΟ","ΙΒΙ9324","29/01/2024","29/07/2024","ΑΤΤΙΚΗΣ",109.24,78.12,3.93,9
"728882","ARAG","ΝΟΜΙΚΗ ΠΡΟΣΤΑΣΙΑ","ΕΚΤ337","25/01/2024","25/04/2024","ΑΤΤΙΚΗΣ",1,0.72,0.08,32
"HGR2024527466893231-1","Hellas Direct","ΑΥΤΟΚΙΝΗΤΟ","ΕΚΤ337","25/01/2024","25/04/2024","ΑΤΤΙΚΗΣ",21.63,18.64,2.14,32
"34006828","ANYTIME","ΑΥΤΟΚΙΝΗΤΟ","ΖΜΙ1926","29/05/2024","29/11/2024","ΑΙΤΩΛΟΑΚΑΡΝΑΝΙΑΣ",89.42,61.27,6.13,24
"833791","ARAG","ΝΟΜΙΚΗ ΠΡΟΣΤΑΣΙΑ","ΖΜΙ1926","29/05/2024","29/11/2024","ΑΙΤΩΛΟΑΚΑΡΝΑΝΙΑΣ",2.75,1.99,0.44,24
"70200099","ΙΝΤΕΡΑΜΕΡΙΚΑΝ","ΟΔΙΚΗ ΒΟΗΘΕΙΑ","ΖΜΙ1926","29/05/2024","29/11/2024","ΑΙΤΩΛΟΑΚΑΡΝΑΝΙΑΣ",13.63,9.83,2.36,24
"70159863","ΙΝΤΕΡΑΜΕΡΙΚΑΝ","ΟΔΙΚΗ ΒΟΗΘΕΙΑ","ΜΕΒ9408","17/04/2024","17/04/2025","ΑΙΤΩΛΟΑΚΑΡΝΑΝΙΑΣ",27,19.58,4.7,29
"801840","ARAG","ΝΟΜΙΚΗ ΠΡΟΣΤΑΣΙΑ","ΜΕΒ9408","17/04/2024","17/04/2025","ΑΙΤΩΛΟΑΚΑΡΝΑΝΙΑΣ",4,2.9,0.32,29
"504626","HELVETIA Global Solutions Ltd","ΘΡΑΥΣΗ ΚΡΥΣΤΑΛΛΩΝ","ΜΕΒ9408","17/04/2024","17/04/2025","ΑΙΤΩΛΟΑΚΑΡΝΑΝΙΑΣ",20,13.59,1.77,29
"HGR2024783305297813-1","Hellas Direct","ΑΥΤΟΚΙΝΗΤΟ","ΜΕΒ9408","17/04/2024","17/04/2025","ΑΙΤΩΛΟΑΚΑΡΝΑΝΙΑΣ",79.85,68.74,7.91,29
"19.228060379999999","INTERLIFE ΑΣΦΑΛΙΣΤΙΚΗ","ΑΥΤΟΚΙΝΗΤΟ","ΟΜΧ248","25/10/2023","25/10/2024","ΑΤΤΙΚΗΣ",131.01,90.06,20.06,2
"959375","EUROP ASSISTANCE","ΟΔΙΚΗ ΒΟΗΘΕΙΑ","ΟΜΧ248","25/10/2023","25/10/2024","ΑΤΤΙΚΗΣ",24,16.7,4.01,2
"70197623","ΙΝΤΕΡΑΜΕΡΙΚΑΝ","ΟΔΙΚΗ ΒΟΗΘΕΙΑ","ΙΚΜ7932","30/05/2024","30/11/2024","ΑΤΤΙΚΗΣ",13.63,9.83,2.36,17
"782655","ARAG","ΝΟΜΙΚΗ ΠΡΟΣΤΑΣΙΑ","ΙΚΜ7932","30/05/2024","30/11/2024","ΑΤΤΙΚΗΣ",2.5,1.81,0.4,17
"33780855","ANYTIME","ΑΥΤΟΚΙΝΗΤΟ","ΙΚΜ7932","30/11/2023","30/05/2024","ΑΤΤΙΚΗΣ",124.9,85.5,8.55,17
"679001","ARAG","ΝΟΜΙΚΗ ΠΡΟΣΤΑΣΙΑ","ΙΚΜ7932","30/11/2023","30/05/2024","ΑΤΤΙΚΗΣ",2,1.45,0.16,17
"965233","EUROP ASSISTANCE","ΟΔΙΚΗ ΒΟΗΘΕΙΑ","ΙΚΜ7932","30/11/2023","30/05/2024","ΑΤΤΙΚΗΣ",12,8.34,2,17
"33780855","ANYTIME","ΑΥΤΟΚΙΝΗΤΟ","ΙΚΜ7932","30/05/2024","30/11/2024","ΑΤΤΙΚΗΣ",124.47,85.2,8.52,17
"499190","HELVETIA Global Solutions Ltd","ΘΡΑΥΣΗ ΚΡΥΣΤΑΛΛΩΝ","ΑΡΤ6944","14/04/2024","14/10/2024","ΑΙΤΩΛΟΑΚΑΡΝΑΝΙΑΣ",10,6.8,0.88,28
"HGR2024044850454097-1","Hellas Direct","ΑΥΤΟΚΙΝΗΤΟ","ΑΡΤ6944","14/04/2024","14/10/2024","ΑΙΤΩΛΟΑΚΑΡΝΑΝΙΑΣ",45.59,39.24,4.51,28
"70155412","ΙΝΤΕΡΑΜΕΡΙΚΑΝ","ΟΔΙΚΗ ΒΟΗΘΕΙΑ","ΑΡΤ6944","14/04/2024","14/10/2024","ΑΙΤΩΛΟΑΚΑΡΝΑΝΙΑΣ",13.63,9.83,2.36,28
"729187","ARAG","ΝΟΜΙΚΗ ΠΡΟΣΤΑΣΙΑ","ΙΚΥ7633","04/02/2024","04/08/2024","ΑΤΤΙΚΗΣ",2,1.45,0.16,10
"61516765","myZen by Groupama","ΑΥΤΟΚΙΝΗΤΟ","ΙΚΥ7633","04/02/2024","04/08/2024","ΑΤΤΙΚΗΣ",115.58,82.68,4.16,10
"212399757","ΙΝΤΕΡΑΜΕΡΙΚΑΝ","ΟΔΙΚΗ ΒΟΗΘΕΙΑ","ΙΚΥ7633","04/02/2024","04/08/2024","ΑΤΤΙΚΗΣ",13.63,9.83,1.38,10
"33733956","ANYTIME","ΑΥΤΟΚΙΝΗΤΟ","ΒΚΙ9943","19/10/2023","19/01/2024","ΑΤΤΙΚΗΣ",94.55,64.83,6.48,13
"641813","ARAG","ΝΟΜΙΚΗ ΠΡΟΣΤΑΣΙΑ","ΒΚΙ9943","19/10/2023","19/01/2024","ΑΤΤΙΚΗΣ",1,0.72,0.08,13
"958065","EUROP ASSISTANCE","ΟΔΙΚΗ ΒΟΗΘΕΙΑ","ΒΚΙ9943","19/10/2023","19/01/2024","ΑΤΤΙΚΗΣ",6,4.18,1,13
"33783991","ANYTIME","ΑΥΤΟΚΙΝΗΤΟ","ΟΥΝ546","06/12/2023","06/06/2024","ΚΑΛΛΙΘΕΑ",58.68,40.08,4.01,13
"680566","ARAG","ΝΟΜΙΚΗ ΠΡΟΣΤΑΣΙΑ","ΟΥΝ546","06/12/2023","06/06/2024","ΚΑΛΛΙΘΕΑ",2,1.45,0.16,13
"70200774","ΙΝΤΕΡΑΜΕΡΙΚΑΝ","ΟΔΙΚΗ ΒΟΗΘΕΙΑ","ΟΥΝ546","06/06/2024","06/12/2024","ΚΑΛΛΙΘΕΑ",13.63,9.83,2.36,13
"815548","ARAG","ΝΟΜΙΚΗ ΠΡΟΣΤΑΣΙΑ","ΟΥΝ546","06/06/2024","06/12/2024","ΚΑΛΛΙΘΕΑ",2.5,1.81,0.4,13
"33783991","ANYTIME","ΑΥΤΟΚΙΝΗΤΟ","ΟΥΝ546","06/06/2024","06/12/2024","ΚΑΛΛΙΘΕΑ",58.15,39.71,3.97,13
"965471","EUROP ASSISTANCE","ΟΔΙΚΗ ΒΟΗΘΕΙΑ","ΟΥΝ546","06/12/2023","06/06/2024","ΚΑΛΛΙΘΕΑ",12,8.34,2,13
"1892754","ΑΤΛΑΝΤΙΚΗ ΕΝΩΣΗ","ΑΥΤΟΚΙΝΗΤΟ","ΙΖΥ154","16/10/2023","16/04/2024","ΑΤΤΙΚΗΣ",89.5,58.33,12.26,1
"955798","EUROP ASSISTANCE","ΟΔΙΚΗ ΒΟΗΘΕΙΑ","ΙΖΥ154","16/10/2023","16/04/2024","ΑΤΤΙΚΗΣ",12,8.34,2,1
"1955916","ΑΤΛΑΝΤΙΚΗ ΕΝΩΣΗ","ΑΥΤΟΚΙΝΗΤΟ","ΙΖΥ154","16/04/2024","16/10/2024","ΑΤΤΙΚΗΣ",89.5,58.33,12.26,1
"70157702","ΙΝΤΕΡΑΜΕΡΙΚΑΝ","ΟΔΙΚΗ ΒΟΗΘΕΙΑ","ΙΖΥ154","16/04/2024","16/10/2024","ΑΤΤΙΚΗΣ",13.63,9.83,2.36,1
"70166515","ΙΝΤΕΡΑΜΕΡΙΚΑΝ","ΟΔΙΚΗ ΒΟΗΘΕΙΑ","ΖΥΖ8206","25/04/2024","25/04/2025","ΑΙΤΩΛΟΑΚΑΡΝΑΝΙΑΣ",27,19.58,2.74,3
"1966182","ΑΤΛΑΝΤΙΚΗ ΕΝΩΣΗ","ΑΥΤΟΚΙΝΗΤΟ","ΖΥΖ8206","25/04/2024","25/04/2025","ΑΙΤΩΛΟΑΚΑΡΝΑΝΙΑΣ",129,86.87,9.56,3
"292511","INTERASCO","ΠΡΟΣΩΠΙΚΟ ΑΤΥΧΗΜΑ (ΟΧΗΜΑ)","ΖΥΖ8206","25/04/2024","25/04/2025","ΑΙΤΩΛΟΑΚΑΡΝΑΝΙΑΣ",3,2.01,0.44,3
"806901","ARAG","ΝΟΜΙΚΗ ΠΡΟΣΤΑΣΙΑ","ΖΥΖ8206","25/04/2024","25/04/2025","ΑΙΤΩΛΟΑΚΑΡΝΑΝΙΑΣ",4,2.9,0.32,3
"778672","ARAG","ΝΟΜΙΚΗ ΠΡΟΣΤΑΣΙΑ","ΑΥΝ222","21/03/2024","21/03/2025","ΑΙΤΩΛΟΑΚΑΡΝΑΝΙΑΣ",4,2.9,0.32,22
"70133831","ΙΝΤΕΡΑΜΕΡΙΚΑΝ","ΟΔΙΚΗ ΒΟΗΘΕΙΑ","ΑΥΝ222","21/03/2024","21/03/2025","ΑΙΤΩΛΟΑΚΑΡΝΑΝΙΑΣ",27,19.58,4.7,22
"33926385","ANYTIME","ΑΥΤΟΚΙΝΗΤΟ","ΑΥΝ222","21/03/2024","21/03/2025","ΑΙΤΩΛΟΑΚΑΡΝΑΝΙΑΣ",84.33,57.61,5.76,22
"641814","ARAG","ΝΟΜΙΚΗ ΠΡΟΣΤΑΣΙΑ","ΙΡΟ7800","13/10/2023","13/10/2024","ΑΙΤΩΛΟΑΚΑΡΝΑΝΙΑΣ",4,2.9,0.32,12
"33729190","ANYTIME","ΑΥΤΟΚΙΝΗΤΟ","ΙΡΟ7800","13/10/2023","13/10/2024","ΑΙΤΩΛΟΑΚΑΡΝΑΝΙΑΣ",204.27,140.06,14.01,12
"958066","EUROP ASSISTANCE","ΟΔΙΚΗ ΒΟΗΘΕΙΑ","ΙΡΟ7800","13/10/2023","13/10/2024","ΑΙΤΩΛΟΑΚΑΡΝΑΝΙΑΣ",24,16.7,4.01,12
"683443","ARAG","ΝΟΜΙΚΗ ΠΡΟΣΤΑΣΙΑ","ΑΙΝ5331","24/12/2023","24/06/2024","ΑΙΤΩΛΟΑΚΑΡΝΑΝΙΑ",2,1.45,0.16,18
"845046","ARAG","ΝΟΜΙΚΗ ΠΡΟΣΤΑΣΙΑ","ΑΙΝ5331","24/06/2024","24/12/2024","ΑΙΤΩΛΟΑΚΑΡΝΑΝΙΑ",2.75,1.99,0.44,18
"70215328","ΙΝΤΕΡΑΜΕΡΙΚΑΝ","ΟΔΙΚΗ ΒΟΗΘΕΙΑ","ΑΙΝ5331","24/06/2024","24/12/2024","ΑΙΤΩΛΟΑΚΑΡΝΑΝΙΑ",13.63,9.83,2984,18
"966198","EUROP ASSISTANCE","ΟΔΙΚΗ ΒΟΗΘΕΙΑ","ΑΙΝ5331","24/12/2023","24/06/2024","ΑΙΤΩΛΟΑΚΑΡΝΑΝΙΑ",12,8.34,2,18
"34023432","ANYTIME","ΑΥΤΟΚΙΝΗΤΟ","ΑΙΝ5331","24/06/2024","24/12/2024","ΑΙΤΩΛΟΑΚΑΡΝΑΝΙΑ",97.37,66.73,6.67,18
"33791101","ANYTIME","ΑΥΤΟΚΙΝΗΤΟ","ΑΙΝ5331","24/12/2023","24/06/2024","ΑΙΤΩΛΟΑΚΑΡΝΑΝΙΑ",91.99,63,6.3,18
"70144799","ΙΝΤΕΡΑΜΕΡΙΚΑΝ","ΟΔΙΚΗ ΒΟΗΘΕΙΑ","ΙΒΕ9343","05/04/2024","05/07/2024","ΑΤΤΙΚΗΣ",6.75,4.88,1.17,19
"861374","ARAG","ΝΟΜΙΚΗ ΠΡΟΣΤΑΣΙΑ","ΙΒΕ9343","05/07/2024","05/10/2024","ΑΤΤΙΚΗΣ",1.38,1,0.22,19
"491219","HELVETIA Global Solutions Ltd","ΘΡΑΥΣΗ ΚΡΥΣΤΑΛΛΩΝ","ΙΒΕ9343","05/04/2024","05/07/2024","ΑΤΤΙΚΗΣ",5,3.4,0.44,19
"61527973","myZen by Groupama","ΑΥΤΟΚΙΝΗΤΟ","ΙΒΕ9343","05/04/2024","05/07/2024","ΑΤΤΙΚΗΣ",61.47,43.91,2.21,19
"33847424","ANYTIME","ΑΥΤΟΚΙΝΗΤΟ","ΙΒΕ9343","05/01/2024","05/04/2024","ΑΤΤΙΚΗΣ",81.17,55.72,5.57,19
"707624","ARAG","ΝΟΜΙΚΗ ΠΡΟΣΤΑΣΙΑ","ΙΒΕ9343","05/01/2024","05/04/2024","ΑΤΤΙΚΗΣ",1,0.72,0.08,19
"70234434","ΙΝΤΕΡΑΜΕΡΙΚΑΝ","ΟΔΙΚΗ ΒΟΗΘΕΙΑ","ΙΒΕ9343","05/07/2024","05/10/2024","ΑΤΤΙΚΗΣ",7.62,5.48,1.32,19
"34039861","ANYTIME","ΑΥΤΟΚΙΝΗΤΟ","ΙΒΕ9343","05/07/2024","05/10/2024","ΑΤΤΙΚΗΣ",60.97,41.74,4.17,19
"785797","ARAG","ΝΟΜΙΚΗ ΠΡΟΣΤΑΣΙΑ","ΙΒΕ9343","05/04/2024","05/07/2024","ΑΤΤΙΚΗΣ",1,0.72,0.08,19
"70251969","ΙΝΤΕΡΑΜΕΡΙΚΑΝ","ΟΔΙΚΗ ΒΟΗΘΕΙΑ","ΖΧΥ9499","30/07/2024","30/07/2025","ΑΙΤΩΛΟΑΚΑΡΝΑΝΙΑΣ",30.01,21.78,5.23,16
"34059705","ANYTIME","ΑΥΤΟΚΙΝΗΤΟ","ΖΧΥ9499","30/07/2024","30/07/2025","ΑΙΤΩΛΟΑΚΑΡΝΑΝΙΑΣ",145,99.33,9.93,16
"33770961","ANYTIME","ΑΥΤΟΚΙΝΗΤΟ","ΟΤΟ108","13/11/2023","13/11/2024","ΑΙΤΩΛΟΑΚΑΡΝΑΝΙΑΣ",74.83,51.14,5.11,16
"668701","ARAG","ΝΟΜΙΚΗ ΠΡΟΣΤΑΣΙΑ","ΟΤΟ108","13/11/2023","13/11/2024","ΑΙΤΩΛΟΑΚΑΡΝΑΝΙΑΣ",4,2.9,0.32,16
"963750","EUROP ASSISTANCE","ΟΔΙΚΗ ΒΟΗΘΕΙΑ","ΟΤΟ108","13/11/2023","13/11/2024","ΑΙΤΩΛΟΑΚΑΡΝΑΝΙΑΣ",24,16.7,4.01,16
"881153","ARAG","ΝΟΜΙΚΗ ΠΡΟΣΤΑΣΙΑ","ΖΧΥ9499","30/07/2024","30/07/2025","ΑΙΤΩΛΟΑΚΑΡΝΑΝΙΑΣ",5.5,3.98,0.88,16
"212350024","ΙΝΤΕΡΑΜΕΡΙΚΑΝ","ΟΔΙΚΗ ΒΟΗΘΕΙΑ","ΙΥΕ2412","10/01/2024","10/07/2024","ΑΤΤΙΚΗΣ",13.63,9.83,1.38,7
"70243192","ΙΝΤΕΡΑΜΕΡΙΚΑΝ","ΟΔΙΚΗ ΒΟΗΘΕΙΑ","ΙΥΕ2412","10/07/2024","08/01/2025","ΑΤΤΙΚΗΣ",14.85,10.75,2.58,7
"61514926","myZen by Groupama","ΑΥΤΟΚΙΝΗΤΟ","ΙΥΕ2412","10/01/2024","10/07/2024","ΑΤΤΙΚΗΣ",95.95,68.64,3.46,7
"61514926","myZen by Groupama","ΑΥΤΟΚΙΝΗΤΟ","ΙΥΕ2412","10/07/2024","08/01/2025","ΑΤΤΙΚΗΣ",98.09,70.18,3.54,7
"713137","ARAG","ΝΟΜΙΚΗ ΠΡΟΣΤΑΣΙΑ","ΙΥΕ2412","10/01/2024","10/07/2024","ΑΤΤΙΚΗΣ",2,1.45,0.16,7
"861760","ARAG","ΝΟΜΙΚΗ ΠΡΟΣΤΑΣΙΑ","ΙΥΕ2412","10/07/2024","08/01/2025","ΑΤΤΙΚΗΣ",2.47,1.79,0.39,7
"808839","ARAG","ΝΟΜΙΚΗ ΠΡΟΣΤΑΣΙΑ","ΙΜΑ4910","30/04/2024","30/04/2025","ΑΙΤΩΛΟΑΚΑΡΝΑΝΙΑΣ",4,2.9,0.32,23
"33976275","ANYTIME","ΑΥΤΟΚΙΝΗΤΟ","ΙΜΑ4910","30/04/2024","30/04/2025","ΑΙΤΩΛΟΑΚΑΡΝΑΝΙΑΣ",168.86,115.73,11.57,23
"70172721","ΙΝΤΕΡΑΜΕΡΙΚΑΝ","ΟΔΙΚΗ ΒΟΗΘΕΙΑ","ΙΜΑ4910","30/04/2024","30/04/2025","ΑΙΤΩΛΟΑΚΑΡΝΑΝΙΑΣ",27,19.58,2.74,23
"33864035","ANYTIME","ΑΥΤΟΚΙΝΗΤΟ","ΧΕΥ9011","15/02/2024","15/08/2024","ΑΤΤΙΚΗΣ",148.32,101.83,10.18,20
"742009","ARAG","ΝΟΜΙΚΗ ΠΡΟΣΤΑΣΙΑ","ΧΕΥ9011","15/02/2024","15/08/2024","ΑΤΤΙΚΗΣ",2,1.45,0.16,20
"883222","ARAG","ΝΟΜΙΚΗ ΠΡΟΣΤΑΣΙΑ","ΑΙΡ1526","28/07/2024","28/07/2025","ΑΙΤΩΛΟΑΚΑΡΝΑΝΙΑΣ",5.5,3.98,0.88,26
"70257369","ΙΝΤΕΡΑΜΕΡΙΚΑΝ","ΟΔΙΚΗ ΒΟΗΘΕΙΑ","ΑΙΡ1526","28/07/2024","28/07/2025","ΑΙΤΩΛΟΑΚΑΡΝΑΝΙΑΣ",30.01,21.78,5.23,26
"34077397","ANYTIME","ΑΥΤΟΚΙΝΗΤΟ","ΑΙΡ1526","28/07/2024","28/07/2025","ΑΙΤΩΛΟΑΚΑΡΝΑΝΙΑΣ",169.42,116.06,11.61,26
"33900035","ANYTIME","ΑΥΤΟΚΙΝΗΤΟ","ΖΗΝ5930","26/02/2024","26/02/2025","ΑΤΤΙΚΗΣ",201.13,137.29,13.73,21
"753548","ARAG","ΝΟΜΙΚΗ ΠΡΟΣΤΑΣΙΑ","ΖΗΝ5930","26/02/2024","26/02/2025","ΑΤΤΙΚΗΣ",4,2.9,0.32,21
"70109083","ΙΝΤΕΡΑΜΕΡΙΚΑΝ","ΟΔΙΚΗ ΒΟΗΘΕΙΑ","ΖΗΝ5930","26/02/2024","26/02/2025","ΑΤΤΙΚΗΣ",27,19.58,4.7,21
